Original Story,Summarized Story,Decade,Event Name,Theme,Location,Likes
"Jack and Jill went up the hill To fetch a pail of water; Jack fell down and broke his crown, And Jill came tumbling after.",JACK AND JILL FELL,1777,Hike,Death,The Netherlands,6
"My name is Aaron and I was recently on Survivor Season 32, where I became a better person in Taiwan.
","The story is about a man named Aaron who participated in the 32nd season of the show Survivor, held in Taiwan. His experience on the show led to personal growth and improvement.",Taiwan, Survivor Season 32, 2010s, Personal Growth,1
"How... I don't even know what to ask. This isn't Chapter 15.
",The story cannot be summarized as the information provided is incomplete.,N/A, N/A, N/A, Confusion,0
"So like for the cards, I originally had it so it's like it has like a title and then it's like
",The story is about the narrator's original plans for designing cards with a title.,N/A, N/A, N/A, Personal hobby story,0
"Thanks for watching!
",The text provided does not include a story; it simply includes a remark often used to express gratitude to an audience for viewing a program or video.,N/A, N/A, N/A, N/A,0
"Her answer to the big little form. They cleared all of them, or they only cleared the preferences, but not all the other questions. And her answer plus.
","The story is about a woman who responds to a form. It seems that all preferences have been cleared but not the remaining questions. Her response to these was positive. Due to the lack of specific details, the summary is slightly ambiguous.",N/A, N/A, N/A, Personal growth,0
"How did you go off of this? This is horrible. Let's see what Ryan put. Yeah, this gives Ryan.
","The story appears to be about a person reacting negatively to something and then deciding to see what Ryan contributed, which seems to satisfy them. However, there's not enough context to provide a detailed summary.",N/A, N/A, N/A, Personal Struggles,0
"keep speaking speak speak it's right now it's recording it's recording okay it should stop in a minute
","The speaker is instructing someone to keep talking because a recording is currently underway, which should stop shortly.",N/A, N/A, N/A, Personal Communication,0
